id_vendedor,nome_vendedor,foto
1,Julio Lima,https://uploaddeimagens.com.br/images/002/602/729/full/265-julio-lima.png
2,Carla Ferreira,https://uploaddeimagens.com.br/images/002/602/728/full/215-carla-ferreira.png
3,Gustavo Gomes,https://uploaddeimagens.com.br/images/002/602/719/original/125-gustavo-gomes.png
4,Isabella Sousa,https://uploaddeimagens.com.br/images/002/602/720/full/183-izabella-souza.png
5,Leonardo Cardoso,https://uploaddeimagens.com.br/images/002/602/727/full/196-leonardo-cardoso.png